{
  "files": {
    "docs/issue-337.md": 1739955115.6291084,
    "docs/issue-336.md": 1739953216.698647,
    "docs/issue-335.md": 1739953216.6984751,
    "docs/issue-334.md": 1739953216.698303,
    "docs/issue-333.md": 1739953216.6982217,
    "docs/issue-332.md": 1739953216.6981406,
    "docs/issue-331.md": 1739953216.6980536,
    "docs/issue-330.md": 1739953216.6979682,
    "docs/issue-329.md": 1739953216.6977978,
    "docs/issue-328.md": 1739953216.6977155,
    "docs/issue-327.md": 1739953216.6974518,
    "docs/issue-326.md": 1739953216.6973693,
    "docs/issue-325.md": 1739953216.6972835,
    "docs/issue-324.md": 1739953216.696989,
    "docs/issue-323.md": 1739953216.6969013,
    "docs/issue-322.md": 1739953216.6968195,
    "docs/issue-321.md": 1739953216.6967404,
    "docs/issue-320.md": 1739953216.6966538,
    "docs/issue-319.md": 1739953216.6964524,
    "docs/issue-318.md": 1739953216.696361,
    "docs/issue-317.md": 1739953216.6962788,
    "docs/issue-316.md": 1739953216.6960812,
    "docs/issue-315.md": 1739953216.6960008,
    "docs/issue-314.md": 1739953216.6959207,
    "docs/issue-313.md": 1739953216.6958401,
    "docs/issue-312.md": 1739953216.6957555,
    "docs/issue-311.md": 1739953216.6956725,
    "docs/issue-310.md": 1739953216.695394,
    "docs/issue-309.md": 1739953216.6952145,
    "docs/issue-308.md": 1739953216.695122,
    "docs/issue-307.md": 1739953216.6950252,
    "docs/issue-306.md": 1739953216.6949363,
    "docs/issue-305.md": 1739953216.6948595,
    "docs/issue-304.md": 1739953216.6947737,
    "docs/issue-303.md": 1739953216.6946855,
    "docs/issue-302.md": 1739953216.6946006,
    "docs/issue-301.md": 1739953216.6945167,
    "docs/issue-300.md": 1739953216.694414,
    "docs/issue-299.md": 1739953216.6940181,
    "docs/issue-298.md": 1739953216.693937,
    "docs/issue-297.md": 1739953216.6938539,
    "docs/issue-296.md": 1739953216.693768,
    "docs/issue-295.md": 1739953216.693669,
    "docs/issue-294.md": 1739953216.6935697,
    "docs/issue-293.md": 1739953216.693474,
    "docs/issue-292.md": 1739953216.693385,
    "docs/issue-291.md": 1739953216.6930726,
    "docs/issue-290.md": 1739953216.692982,
    "docs/issue-289.md": 1739953216.6927848,
    "docs/issue-288.md": 1739953216.692697,
    "docs/issue-287.md": 1739953216.6926098,
    "docs/issue-286.md": 1739953216.6925118,
    "docs/issue-285.md": 1739953216.6924093,
    "docs/issue-284.md": 1739953216.6923072,
    "docs/issue-283.md": 1739953216.6922195,
    "docs/issue-282.md": 1739953216.6921356,
    "docs/issue-281.md": 1739953216.6919312,
    "docs/issue-280.md": 1739953216.6917574,
    "docs/issue-279.md": 1739953216.691576,
    "docs/issue-278.md": 1739953216.6914904,
    "docs/issue-277.md": 1739953216.6913946,
    "docs/issue-276.md": 1739953216.6911883,
    "docs/issue-275.md": 1739953216.6910927,
    "docs/issue-274.md": 1739953216.691002,
    "docs/issue-273.md": 1739953216.6908891,
    "docs/issue-272.md": 1739953216.6907918,
    "docs/issue-271.md": 1739953216.6907072,
    "docs/issue-270.md": 1739953216.6906188,
    "docs/issue-269.md": 1739953216.6904356,
    "docs/issue-268.md": 1739953216.6903317,
    "docs/issue-267.md": 1739953216.6901834,
    "docs/issue-266.md": 1739953216.6900964,
    "docs/issue-265.md": 1739953216.6900194,
    "docs/issue-264.md": 1739953216.6899402,
    "docs/issue-263.md": 1739953216.6898565,
    "docs/issue-262.md": 1739953216.6897776,
    "docs/issue-261.md": 1739953216.6896906,
    "docs/issue-260.md": 1739953216.6896045,
    "docs/issue-259.md": 1739953216.6894343,
    "docs/issue-258.md": 1739953216.6893525,
    "docs/issue-257.md": 1739953216.6890585,
    "docs/issue-256.md": 1739953216.6889741,
    "docs/issue-255.md": 1739953216.6886783,
    "docs/issue-254.md": 1739953216.6885965,
    "docs/issue-253.md": 1739953216.688503,
    "docs/issue-252.md": 1739953216.6884034,
    "docs/issue-251.md": 1739953216.6883087,
    "docs/issue-250.md": 1739953216.6882143,
    "docs/issue-249.md": 1739953216.6879215,
    "docs/issue-248.md": 1739953216.6876962,
    "docs/issue-247.md": 1739953216.6875832,
    "docs/issue-246.md": 1739953216.6856358,
    "docs/issue-245.md": 1739953216.6855364,
    "docs/issue-244.md": 1739953216.68543,
    "docs/issue-243.md": 1739953216.6846616,
    "docs/issue-242.md": 1739953216.6845748,
    "docs/issue-241.md": 1739953216.684477,
    "docs/issue-240.md": 1739953216.6843715,
    "docs/issue-239.md": 1739953216.6841831,
    "docs/issue-238.md": 1739953216.6840987,
    "docs/issue-237.md": 1739953216.6840055,
    "docs/issue-236.md": 1739953216.683915,
    "docs/issue-235.md": 1739953216.6838272,
    "docs/issue-234.md": 1739953216.6837308,
    "docs/issue-233.md": 1739953216.6836343,
    "docs/issue-232.md": 1739953216.6835415,
    "docs/issue-231.md": 1739953216.6834283,
    "docs/issue-230.md": 1739953216.6833162,
    "docs/issue-229.md": 1739953216.683104,
    "docs/issue-228.md": 1739953216.68301,
    "docs/issue-227.md": 1739953216.6829123,
    "docs/issue-226.md": 1739953216.6826947,
    "docs/issue-225.md": 1739953216.6825976,
    "docs/issue-224.md": 1739953216.6825137,
    "docs/issue-223.md": 1739953216.682289,
    "docs/issue-222.md": 1739953216.6821885,
    "docs/issue-221.md": 1739953216.6821036,
    "docs/issue-220.md": 1739953216.6820066,
    "docs/issue-219.md": 1739953216.6818273,
    "docs/issue-218.md": 1739953216.6817358,
    "docs/issue-217.md": 1739953216.681642,
    "docs/issue-216.md": 1739953216.6813498,
    "docs/issue-215.md": 1739953216.6812596,
    "docs/issue-214.md": 1739953216.6811278,
    "docs/issue-213.md": 1739953216.6810358,
    "docs/issue-212.md": 1739953216.680829,
    "docs/issue-211.md": 1739953216.6807415,
    "docs/issue-210.md": 1739953216.6804378,
    "docs/issue-209.md": 1739953216.6802268,
    "docs/issue-208.md": 1739953216.6801257,
    "docs/issue-207.md": 1739953216.6800046,
    "docs/issue-206.md": 1739953216.6799111,
    "docs/issue-205.md": 1739953216.679815,
    "docs/issue-204.md": 1739953216.679725,
    "docs/issue-203.md": 1739953216.6796317,
    "docs/issue-202.md": 1739953216.679529,
    "docs/issue-201.md": 1739953216.6794026,
    "docs/issue-200.md": 1739953216.679293,
    "docs/issue-199.md": 1739953216.6789424,
    "docs/issue-198.md": 1739953216.678838,
    "docs/issue-197.md": 1739953216.6785347,
    "docs/issue-196.md": 1739953216.678437,
    "docs/issue-195.md": 1739953216.6782084,
    "docs/issue-194.md": 1739953216.678009,
    "docs/issue-193.md": 1739953216.6776822,
    "docs/issue-192.md": 1739953216.6775796,
    "docs/issue-191.md": 1739953216.677463,
    "docs/issue-190.md": 1739953216.677337,
    "docs/issue-189.md": 1739953216.6771214,
    "docs/issue-188.md": 1739953216.6769812,
    "docs/issue-187.md": 1739953216.6768558,
    "docs/issue-186.md": 1739953216.6767392,
    "docs/issue-185.md": 1739953216.6765103,
    "docs/issue-184.md": 1739953216.6764035,
    "docs/issue-183.md": 1739953216.6763017,
    "docs/issue-182.md": 1739953216.6761947,
    "docs/issue-181.md": 1739953216.6759222,
    "docs/issue-180.md": 1739953216.6756928,
    "docs/issue-179.md": 1739953216.6754932,
    "docs/issue-178.md": 1739953216.6753893,
    "docs/issue-177.md": 1739953216.6752849,
    "docs/issue-176.md": 1739953216.675123,
    "docs/issue-175.md": 1739953216.6748827,
    "docs/issue-174.md": 1739953216.674786,
    "docs/issue-173.md": 1739953216.674674,
    "docs/issue-172.md": 1739953216.674581,
    "docs/issue-171.md": 1739953216.6744752,
    "docs/issue-170.md": 1739953216.6743765,
    "docs/issue-169.md": 1739953216.6741707,
    "docs/issue-168.md": 1739953216.6740797,
    "docs/issue-167.md": 1739953216.6739786,
    "docs/issue-166.md": 1739953216.673878,
    "docs/issue-165.md": 1739953216.6737807,
    "docs/issue-164.md": 1739953216.6736891,
    "docs/issue-163.md": 1739953216.6736002,
    "docs/issue-162.md": 1739953216.6734111,
    "docs/issue-161.md": 1739953216.6733127,
    "docs/issue-160.md": 1739953216.673222,