{
  "files": {
    "docs/issue-337.md": 1749783940.0040731,
    "docs/issue-336.md": 1749783940.0040731,
    "docs/issue-335.md": 1749783940.0040731,
    "docs/issue-334.md": 1749783940.0040731,
    "docs/issue-333.md": 1749783940.0040731,
    "docs/issue-332.md": 1749783940.0040731,
    "docs/issue-331.md": 1749783940.0040731,
    "docs/issue-330.md": 1749783940.003073,
    "docs/issue-329.md": 1749783940.003073,
    "docs/issue-328.md": 1749783940.003073,
    "docs/issue-327.md": 1749783940.003073,
    "docs/issue-326.md": 1749783940.003073,
    "docs/issue-325.md": 1749783940.003073,
    "docs/issue-324.md": 1749783940.003073,
    "docs/issue-323.md": 1749783940.003073,
    "docs/issue-322.md": 1749783940.003073,
    "docs/issue-321.md": 1749783940.003073,
    "docs/issue-320.md": 1749783940.003073,
    "docs/issue-319.md": 1749783940.002073,
    "docs/issue-318.md": 1749783940.002073,
    "docs/issue-317.md": 1749783940.002073,
    "docs/issue-316.md": 1749783940.002073,
    "docs/issue-315.md": 1749783940.002073,
    "docs/issue-314.md": 1749783940.002073,
    "docs/issue-313.md": 1749783940.002073,
    "docs/issue-312.md": 1749783940.002073,
    "docs/issue-311.md": 1749783940.002073,
    "docs/issue-310.md": 1749783940.002073,
    "docs/issue-309.md": 1749783940.002073,
    "docs/issue-308.md": 1749783940.0010731,
    "docs/issue-307.md": 1749783940.0010731,
    "docs/issue-306.md": 1749783940.0010731,
    "docs/issue-305.md": 1749783940.0010731,
    "docs/issue-304.md": 1749783940.0010731,
    "docs/issue-303.md": 1749783940.0010731,
    "docs/issue-302.md": 1749783940.0010731,
    "docs/issue-301.md": 1749783940.0010731,
    "docs/issue-300.md": 1749783940.0010731,
    "docs/issue-299.md": 1749783940.0010731,
    "docs/issue-298.md": 1749783940.0010731,
    "docs/issue-297.md": 1749783940.000073,
    "docs/issue-296.md": 1749783940.000073,
    "docs/issue-295.md": 1749783940.000073,
    "docs/issue-294.md": 1749783940.000073,
    "docs/issue-293.md": 1749783940.000073,
    "docs/issue-292.md": 1749783940.000073,
    "docs/issue-291.md": 1749783940.000073,
    "docs/issue-290.md": 1749783940.000073,
    "docs/issue-289.md": 1749783940.000073,
    "docs/issue-288.md": 1749783940.000073,
    "docs/issue-287.md": 1749783940.000073,
    "docs/issue-286.md": 1749783939.999073,
    "docs/issue-285.md": 1749783939.999073,
    "docs/issue-284.md": 1749783939.999073,
    "docs/issue-283.md": 1749783939.999073,
    "docs/issue-282.md": 1749783939.999073,
    "docs/issue-281.md": 1749783939.999073,
    "docs/issue-280.md": 1749783939.999073,
    "docs/issue-279.md": 1749783939.999073,
    "docs/issue-278.md": 1749783939.999073,
    "docs/issue-277.md": 1749783939.999073,
    "docs/issue-276.md": 1749783939.999073,
    "docs/issue-275.md": 1749783939.999073,
    "docs/issue-274.md": 1749783939.998073,
    "docs/issue-273.md": 1749783939.998073,
    "docs/issue-272.md": 1749783939.998073,
    "docs/issue-271.md": 1749783939.998073,
    "docs/issue-270.md": 1749783939.998073,
    "docs/issue-269.md": 1749783939.998073,
    "docs/issue-268.md": 1749783939.998073,
    "docs/issue-267.md": 1749783939.998073,
    "docs/issue-266.md": 1749783939.998073,
    "docs/issue-265.md": 1749783939.998073,
    "docs/issue-264.md": 1749783939.998073,
    "docs/issue-263.md": 1749783939.998073,
    "docs/issue-262.md": 1749783939.997073,
    "docs/issue-261.md": 1749783939.997073,
    "docs/issue-260.md": 1749783939.997073,
    "docs/issue-259.md": 1749783939.997073,
    "docs/issue-258.md": 1749783939.997073,
    "docs/issue-257.md": 1749783939.997073,
    "docs/issue-256.md": 1749783939.997073,
    "docs/issue-255.md": 1749783939.997073,
    "docs/issue-254.md": 1749783939.997073,
    "docs/issue-253.md": 1749783939.997073,
    "docs/issue-252.md": 1749783939.997073,
    "docs/issue-251.md": 1749783939.996073,
    "docs/issue-250.md": 1749783939.996073,
    "docs/issue-249.md": 1749783939.996073,
    "docs/issue-248.md": 1749783939.996073,
    "docs/issue-247.md": 1749783939.996073,
    "docs/issue-246.md": 1749783939.996073,
    "docs/issue-245.md": 1749783939.996073,
    "docs/issue-244.md": 1749783939.996073,
    "docs/issue-243.md": 1749783939.996073,
    "docs/issue-242.md": 1749783939.996073,
    "docs/issue-241.md": 1749783939.996073,
    "docs/issue-240.md": 1749783939.995073,
    "docs/issue-239.md": 1749783939.995073,
    "docs/issue-238.md": 1749783939.995073,
    "docs/issue-237.md": 1749783939.995073,
    "docs/issue-236.md": 1749783939.995073,
    "docs/issue-235.md": 1749783939.995073,
    "docs/issue-234.md": 1749783939.995073,
    "docs/issue-233.md": 1749783939.995073,
    "docs/issue-232.md": 1749783939.995073,
    "docs/issue-231.md": 1749783939.995073,
    "docs/issue-230.md": 1749783939.995073,
    "docs/issue-229.md": 1749783939.994073,
    "docs/issue-228.md": 1749783939.994073,
    "docs/issue-227.md": 1749783939.994073,
    "docs/issue-226.md": 1749783939.994073,
    "docs/issue-225.md": 1749783939.994073,
    "docs/issue-224.md": 1749783939.994073,
    "docs/issue-223.md": 1749783939.994073,
    "docs/issue-222.md": 1749783939.994073,
    "docs/issue-221.md": 1749783939.994073,
    "docs/issue-220.md": 1749783939.994073,
    "docs/issue-219.md": 1749783939.994073,
    "docs/issue-218.md": 1749783939.993073,
    "docs/issue-217.md": 1749783939.993073,
    "docs/issue-216.md": 1749783939.993073,
    "docs/issue-215.md": 1749783939.993073,
    "docs/issue-214.md": 1749783939.993073,
    "docs/issue-213.md": 1749783939.993073,
    "docs/issue-212.md": 1749783939.993073,
    "docs/issue-211.md": 1749783939.993073,
    "docs/issue-210.md": 1749783939.993073,
    "docs/issue-209.md": 1749783939.993073,
    "docs/issue-208.md": 1749783939.993073,
    "docs/issue-207.md": 1749783939.993073,
    "docs/issue-206.md": 1749783939.992073,
    "docs/issue-205.md": 1749783939.992073,
    "docs/issue-204.md": 1749783939.992073,
    "docs/issue-203.md": 1749783939.992073,
    "docs/issue-202.md": 1749783939.992073,
    "docs/issue-201.md": 1749783939.992073,
    "docs/issue-200.md": 1749783939.992073,
    "docs/issue-199.md": 1749783939.992073,
    "docs/issue-198.md": 1749783939.992073,
    "docs/issue-197.md": 1749783939.992073,
    "docs/issue-196.md": 1749783939.991073,
    "docs/issue-195.md": 1749783939.991073,
    "docs/issue-194.md": 1749783939.991073,
    "docs/issue-193.md": 1749783939.991073,
    "docs/issue-192.md": 1749783939.991073,
    "docs/issue-191.md": 1749783939.991073,
    "docs/issue-190.md": 1749783939.991073,
    "docs/issue-189.md": 1749783939.991073,
    "docs/issue-188.md": 1749783939.991073,
    "docs/issue-187.md": 1749783939.991073,
    "docs/issue-186.md": 1749783939.991073,
    "docs/issue-185.md": 1749783939.990073,
    "docs/issue-184.md": 1749783939.990073,
    "docs/issue-183.md": 1749783939.990073,
    "docs/issue-182.md": 1749783939.990073,
    "docs/issue-181.md": 1749783939.990073,
    "docs/issue-180.md": 1749783939.990073,
    "docs/issue-179.md": 1749783939.990073,
    "docs/issue-178.md": 1749783939.990073,
    "docs/issue-177.md": 1749783939.990073,
    "docs/issue-176.md": 1749783939.990073,
    "docs/issue-175.md": 1749783939.990073,
    "docs/issue-174.md": 1749783939.990073,
    "docs/issue-173.md": 1749783939.989073,
    "docs/issue-172.md": 1749783939.989073,
    "docs/issue-171.md": 1749783939.989073,
    "docs/issue-170.md": 1749783939.989073,
    "docs/issue-169.md": 1749783939.989073,
    "docs/issue-168.md": 1749783939.989073,
    "docs/issue-167.md": 1749783939.989073,
    "docs/issue-166.md": 1749783939.989073,
    "docs/issue-165.md": 1749783939.9880729,
    "docs/issue-164.md": 1749783939.9880729,
    "docs/issue-163.md": 1749783939.9880729,
    "docs/issue-162.md": 1749783939.9880729,
    "docs/issue-161.md": 1749783939.9880729,
    "docs/issue-160.md": 1749783939.9880729,
    "docs/issue-159.md": 1749783939.9880729,
    "docs/issue-158.md": 1749783939.987073,