{
  "files": {
    "docs/issue-337.md": 1739955115.6291084,
    "docs/issue-336.md": 1739955115.6289794,
    "docs/issue-335.md": 1739955115.6288502,
    "docs/issue-334.md": 1739955115.6286058,
    "docs/issue-333.md": 1739955115.6284618,
    "docs/issue-332.md": 1739955115.6283307,
    "docs/issue-331.md": 1739955115.6280644,
    "docs/issue-330.md": 1739955115.627911,
    "docs/issue-329.md": 1739955115.6275163,
    "docs/issue-328.md": 1739955115.6273825,
    "docs/issue-327.md": 1739955115.6272588,
    "docs/issue-326.md": 1739955115.6270838,
    "docs/issue-325.md": 1739955115.6267583,
    "docs/issue-324.md": 1739955115.6265512,
    "docs/issue-323.md": 1739955115.6262991,
    "docs/issue-322.md": 1739955115.6261191,
    "docs/issue-321.md": 1739955115.6255665,
    "docs/issue-320.md": 1739955115.62543,
    "docs/issue-319.md": 1739955115.6246762,
    "docs/issue-318.md": 1739955115.6245506,
    "docs/issue-317.md": 1739955115.6244204,
    "docs/issue-316.md": 1739955115.6243017,
    "docs/issue-315.md": 1739955115.624183,
    "docs/issue-314.md": 1739955115.6240535,
    "docs/issue-313.md": 1739955115.623916,
    "docs/issue-312.md": 1739955115.6237943,
    "docs/issue-311.md": 1739955115.623661,
    "docs/issue-310.md": 1739955115.6235287,
    "docs/issue-309.md": 1739955115.6226332,
    "docs/issue-308.md": 1739955115.62251,
    "docs/issue-307.md": 1739955115.622357,
    "docs/issue-306.md": 1739955115.6222355,
    "docs/issue-305.md": 1739955115.6221168,
    "docs/issue-304.md": 1739955115.6219947,
    "docs/issue-303.md": 1739955115.6218631,
    "docs/issue-302.md": 1739955115.6217482,
    "docs/issue-301.md": 1739955115.6216419,
    "docs/issue-300.md": 1739955115.6214323,
    "docs/issue-299.md": 1739955115.6209183,
    "docs/issue-298.md": 1739955115.6208017,
    "docs/issue-297.md": 1739955115.6205525,
    "docs/issue-296.md": 1739955115.6204362,
    "docs/issue-295.md": 1739955115.6203082,
    "docs/issue-294.md": 1739955115.6201887,
    "docs/issue-293.md": 1739955115.6200683,
    "docs/issue-292.md": 1739955115.6199403,
    "docs/issue-291.md": 1739955115.6198056,
    "docs/issue-290.md": 1739955115.6196005,
    "docs/issue-289.md": 1739955115.6193652,
    "docs/issue-288.md": 1739955115.6192422,
    "docs/issue-287.md": 1739955115.6191216,
    "docs/issue-286.md": 1739955115.6189027,
    "docs/issue-285.md": 1739955115.618775,
    "docs/issue-284.md": 1739955115.6184733,
    "docs/issue-283.md": 1739955115.618359,
    "docs/issue-282.md": 1739955115.6182427,
    "docs/issue-281.md": 1739955115.6179264,
    "docs/issue-280.md": 1739955115.6177917,
    "docs/issue-279.md": 1739955115.617332,
    "docs/issue-278.md": 1739955115.6172037,
    "docs/issue-277.md": 1739955115.616963,
    "docs/issue-276.md": 1739955115.616844,
    "docs/issue-275.md": 1739955115.6166444,
    "docs/issue-274.md": 1739955115.6165175,
    "docs/issue-273.md": 1739955115.614292,
    "docs/issue-272.md": 1739955115.6139836,
    "docs/issue-271.md": 1739955115.6138484,
    "docs/issue-270.md": 1739955115.613735,
    "docs/issue-269.md": 1739955115.613318,
    "docs/issue-268.md": 1739955115.6130402,
    "docs/issue-267.md": 1739955115.6129222,
    "docs/issue-266.md": 1739955115.612784,
    "docs/issue-265.md": 1739955115.6125085,
    "docs/issue-264.md": 1739955115.6124003,
    "docs/issue-263.md": 1739955115.612279,
    "docs/issue-262.md": 1739955115.6121533,
    "docs/issue-261.md": 1739955115.6120317,
    "docs/issue-260.md": 1739955115.611896,
    "docs/issue-259.md": 1739955115.611518,
    "docs/issue-258.md": 1739955115.611209,
    "docs/issue-257.md": 1739955115.61109,
    "docs/issue-256.md": 1739955115.610871,
    "docs/issue-255.md": 1739955115.6105952,
    "docs/issue-254.md": 1739955115.6104438,
    "docs/issue-253.md": 1739955115.6102576,
    "docs/issue-252.md": 1739955115.6101325,
    "docs/issue-251.md": 1739955115.610004,
    "docs/issue-250.md": 1739955115.6098099,
    "docs/issue-249.md": 1739955115.6095202,
    "docs/issue-248.md": 1739955115.6092155,
    "docs/issue-247.md": 1739955115.6090436,
    "docs/issue-246.md": 1739955115.6089127,
    "docs/issue-245.md": 1739955115.6085668,
    "docs/issue-244.md": 1739955115.608458,
    "docs/issue-243.md": 1739955115.6083508,
    "docs/issue-242.md": 1739955115.60814,
    "docs/issue-241.md": 1739955115.60786,
    "docs/issue-240.md": 1739955115.60774,
    "docs/issue-239.md": 1739955115.607341,
    "docs/issue-238.md": 1739955115.6070318,
    "docs/issue-237.md": 1739955115.606908,
    "docs/issue-236.md": 1739955115.6067824,
    "docs/issue-235.md": 1739955115.60642,
    "docs/issue-234.md": 1739955115.6062915,
    "docs/issue-233.md": 1739955115.6061716,
    "docs/issue-232.md": 1739955115.6058488,
    "docs/issue-231.md": 1739955115.6056967,
    "docs/issue-230.md": 1739955115.6053488,
    "docs/issue-229.md": 1739955115.604922,
    "docs/issue-228.md": 1739955115.6048048,
    "docs/issue-227.md": 1739955115.6045573,
    "docs/issue-226.md": 1739955115.604433,
    "docs/issue-225.md": 1739955115.6040618,
    "docs/issue-224.md": 1739955115.6039393,
    "docs/issue-223.md": 1739955115.6036763,
    "docs/issue-222.md": 1739955115.603557,
    "docs/issue-221.md": 1739955115.6034274,
    "docs/issue-220.md": 1739955115.6030583,
    "docs/issue-219.md": 1739955115.6026268,
    "docs/issue-218.md": 1739955115.6024754,
    "docs/issue-217.md": 1739955115.6021647,
    "docs/issue-216.md": 1739955115.6020412,
    "docs/issue-215.md": 1739955115.601663,
    "docs/issue-214.md": 1739955115.6015344,
    "docs/issue-213.md": 1739955115.6012456,
    "docs/issue-212.md": 1739955115.6011233,
    "docs/issue-211.md": 1739955115.6009054,
    "docs/issue-210.md": 1739955115.600781,
    "docs/issue-209.md": 1739955115.6004286,
    "docs/issue-208.md": 1739955115.6001484,
    "docs/issue-207.md": 1739955115.5999422,
    "docs/issue-206.md": 1739955115.5995767,
    "docs/issue-205.md": 1739955115.599448,
    "docs/issue-204.md": 1739955115.599316,
    "docs/issue-203.md": 1739955115.5991986,
    "docs/issue-202.md": 1739955115.5990844,
    "docs/issue-201.md": 1739955115.5988696,
    "docs/issue-200.md": 1739955115.5985596,
    "docs/issue-199.md": 1739955115.5968735,
    "docs/issue-198.md": 1739955115.5967364,
    "docs/issue-197.md": 1739955115.596621,
    "docs/issue-196.md": 1739955115.596455,
    "docs/issue-195.md": 1739955115.5961366,
    "docs/issue-194.md": 1739955115.5958946,
    "docs/issue-193.md": 1739955115.5939186,
    "docs/issue-192.md": 1739955115.5937674,
    "docs/issue-191.md": 1739955115.5932448,
    "docs/issue-190.md": 1739955115.5931232,
    "docs/issue-189.md": 1739955115.5928657,
    "docs/issue-188.md": 1739955115.5927446,
    "docs/issue-187.md": 1739955115.5926266,
    "docs/issue-186.md": 1739955115.5925148,
    "docs/issue-185.md": 1739955115.592406,
    "docs/issue-184.md": 1739955115.5922954,
    "docs/issue-183.md": 1739955115.5921757,
    "docs/issue-182.md": 1739955115.592053,
    "docs/issue-181.md": 1739955115.5919263,
    "docs/issue-180.md": 1739955115.5917788,
    "docs/issue-179.md": 1739955115.5913606,
    "docs/issue-178.md": 1739955115.591175,
    "docs/issue-177.md": 1739955115.5910408,
    "docs/issue-176.md": 1739955115.5907302,
    "docs/issue-175.md": 1739955115.590593,
    "docs/issue-174.md": 1739955115.5902548,
    "docs/issue-173.md": 1739955115.5901272,
    "docs/issue-172.md": 1739955115.5899854,
    "docs/issue-171.md": 1739955115.589835,
    "docs/issue-170.md": 1739955115.5895224,
    "docs/issue-169.md": 1739955115.5892322,
    "docs/issue-168.md": 1739955115.5890648,
    "docs/issue-167.md": 1739955115.5889182,
    "docs/issue-166.md": 1739955115.5887785,
    "docs/issue-165.md": 1739955115.5885158,
    "docs/issue-164.md": 1739955115.5883336,
    "docs/issue-163.md": 1739955115.5880146,
    "docs/issue-162.md": 1739955115.5878847,
    "docs/issue-161.md": 1739955115.5873897,
    "docs/issue-160.md": 1739955115.5872447,